{
  "project_info": {
    "project_number": "546214527691",
    "firebase_url": "https://data-21f6f.firebaseio.com",
    "project_id": "data-21f6f",
    "storage_bucket": "data-21f6f.appspot.com"
  },
  "client": [
    {
      "client_info": {
        "mobilesdk_app_id": "1:546214527691:android:6b90121ef79d0181",
        "android_client_info": {
          "package_name": "com.example.database"
        }
      },
      "oauth_client": [
        {
          "client_id": "546214527691-9bo5lroq1jkp8rq1qorhfqva1s12rfpv.apps.googleusercontent.com",
          "client_type": 3
        }
      ],
      "api_key": [
        {
          "current_key": "AIzaSyAkcUqWIOSRFYQOlJyAePTvYxizGlSKYoQ"
        }
      ],
      "services": {
        "analytics_service": {
          "status": 1
        },
        "appinvite_service": {
          "status": 1,
          "other_platform_oauth_client": []
        },
        "ads_service": {
          "status": 2
        }
      }
    }
  ],
  "configuration_version": "1"
}